<?xml version="1.0"?>
<?mso-application progid="Excel.Sheet"?>
<Workbook xmlns="urn:schemas-microsoft-com:office:spreadsheet"
 xmlns:o="urn:schemas-microsoft-com:office:office"
 xmlns:x="urn:schemas-microsoft-com:office:excel"
 xmlns:ss="urn:schemas-microsoft-com:office:spreadsheet"
 xmlns:html="http://www.w3.org/TR/REC-html40">
 <DocumentProperties xmlns="urn:schemas-microsoft-com:office:office">
  <Created>2014-03-24T21:26:46Z</Created>
  <LastSaved>2016-03-07T06:58:52Z</LastSaved>
  <Version>15.00</Version>
 </DocumentProperties>
 <OfficeDocumentSettings xmlns="urn:schemas-microsoft-com:office:office">
  <AllowPNG/>
  <RemovePersonalInformation/>
 </OfficeDocumentSettings>
 <ExcelWorkbook xmlns="urn:schemas-microsoft-com:office:excel">
  <WindowHeight>12270</WindowHeight>
  <WindowWidth>28800</WindowWidth>
  <WindowTopX>0</WindowTopX>
  <WindowTopY>0</WindowTopY>
  <ProtectStructure>False</ProtectStructure>
  <ProtectWindows>False</ProtectWindows>
 </ExcelWorkbook>
 <Styles>
  <Style ss:ID="Default" ss:Name="Normal">
   <Alignment ss:Vertical="Bottom"/>
   <Borders/>
   <Font ss:FontName="Calibri" x:Family="Swiss" ss:Color="#000000"/>
   <Interior/>
   <NumberFormat/>
   <Protection/>
  </Style>
  <Style ss:ID="s40" ss:Name="40% - Accent1">
   <Font ss:FontName="Calibri" x:Family="Swiss" ss:Color="#000000"/>
   <Interior ss:Color="#B8CCE4" ss:Pattern="Solid"/>
  </Style>
  <Style ss:ID="s62" ss:Name="40% - Accent1 Bold">
   <Font ss:FontName="Calibri" x:Family="Swiss" ss:Color="#000000" ss:Bold="1"/>
   <Interior ss:Color="#B8CCE4" ss:Pattern="Solid"/>
   <NumberFormat/>
  </Style>
  <Style ss:ID="s63" ss:Name="Hyperlink">
   <Font ss:FontName="Calibri" x:Family="Swiss" ss:Color="#0066CC"
    ss:Underline="Single"/>
  </Style>
  <Style ss:ID="s64" ss:Name="Normal Bold">
   <Alignment ss:Vertical="Bottom"/>
   <Borders/>
   <Font ss:FontName="Calibri" x:Family="Swiss" ss:Color="#000000" ss:Bold="1"/>
   <Interior/>
   <NumberFormat/>
   <Protection/>
  </Style>
  <Style ss:ID="s68" ss:Parent="s62">
   <Font ss:FontName="Calibri" x:Family="Swiss" ss:Size="16" ss:Color="#000000"
    ss:Bold="1"/>
  </Style>
  <Style ss:ID="s72" ss:Parent="s40">
   <Font ss:FontName="Calibri" x:Family="Swiss" ss:Color="#000000"/>
   <Interior/>
  </Style>
  <Style ss:ID="s75">
   <NumberFormat ss:Format="Short Time"/>
  </Style>
 </Styles>
 <Worksheet ss:Name="Settings">
  <Table ss:ExpandedColumnCount="7" ss:ExpandedRowCount="62" x:FullColumns="1"
   x:FullRows="1">
   <Column ss:StyleID="s64" ss:AutoFitWidth="0" ss:Width="225"/>
   <Column ss:AutoFitWidth="0" ss:Width="161.25" ss:Span="5"/>
   <Row ss:AutoFitHeight="0" ss:Height="21">
    <Cell ss:StyleID="s68"><Data ss:Type="String">Environment Settings</Data></Cell>
    <Cell ss:StyleID="s62"/>
    <Cell ss:StyleID="s62"/>
    <Cell ss:StyleID="s62"/>
    <Cell ss:StyleID="s62"/>
    <Cell ss:StyleID="s62"/>
    <Cell ss:StyleID="s62"/>
   </Row>
   <Row>
    <Cell ss:StyleID="s62"><Data ss:Type="String">Environment Name:</Data></Cell>
    <Cell ss:StyleID="s62"><Data ss:Type="String">Default Values</Data></Cell>
    <Cell ss:StyleID="s62"><Data ss:Type="String">Local Development</Data></Cell>
    <Cell ss:StyleID="s62"><Data ss:Type="String">Shared Development</Data></Cell>
    <Cell ss:StyleID="s62"><Data ss:Type="String">Test</Data></Cell>
    <Cell ss:StyleID="s62"><Data ss:Type="String">Acceptance</Data></Cell>
    <Cell ss:StyleID="s62"><Data ss:Type="String">Production</Data></Cell>
   </Row>
   <Row>
    <Cell ss:StyleID="s62"><Data ss:Type="String">Generate File?</Data></Cell>
    <Cell ss:StyleID="s40"/>
    <Cell ss:StyleID="s40"><Data ss:Type="String">Yes</Data></Cell>
    <Cell ss:StyleID="s40"><Data ss:Type="String">Yes</Data></Cell>
    <Cell ss:StyleID="s40"><Data ss:Type="String">Yes</Data></Cell>
    <Cell ss:StyleID="s40"><Data ss:Type="String">Yes</Data></Cell>
    <Cell ss:StyleID="s40"><Data ss:Type="String">Yes</Data></Cell>
   </Row>
   <Row>
    <Cell ss:StyleID="s62"><Data ss:Type="String">Settings File Name:</Data></Cell>
    <Cell ss:StyleID="s40"/>
    <Cell ss:StyleID="s40"><Data ss:Type="String">Exported_LocalSettings.xml</Data></Cell>
    <Cell ss:StyleID="s40"><Data ss:Type="String">Exported_DevSettings.xml</Data></Cell>
    <Cell ss:StyleID="s40"><Data ss:Type="String">Exported_TestSettings.xml</Data></Cell>
    <Cell ss:StyleID="s40"><Data ss:Type="String">Exported_AcceptanceSettings.xml</Data></Cell>
    <Cell ss:StyleID="s40"><Data ss:Type="String">Exported_ProdSettings.xml</Data></Cell>
   </Row>
   <Row>
    <Cell ss:StyleID="s62"/>
    <Cell ss:StyleID="s40"/>
    <Cell ss:StyleID="s40"/>
    <Cell ss:StyleID="s40"/>
    <Cell ss:StyleID="s40"/>
    <Cell ss:StyleID="s40"/>
    <Cell ss:StyleID="s40"/>
   </Row>
   <Row>
    <Cell ss:StyleID="s62"><Data ss:Type="String">Settings:</Data></Cell>
    <Cell ss:StyleID="s40"/>
    <Cell ss:StyleID="s40"/>
    <Cell ss:StyleID="s40"/>
    <Cell ss:StyleID="s40"/>
    <Cell ss:StyleID="s40"/>
    <Cell ss:StyleID="s40"/>
   </Row>
   <Row>
    <Cell><Data ss:Type="String">SsoAppUserGroup</Data></Cell>
    <Cell><Data ss:Type="String">BizTalk Application Users</Data></Cell>
    <Cell><Data ss:Type="String">BizTalk Application Users</Data></Cell>
    <Cell><Data ss:Type="String">BizTalk Application Users</Data></Cell>
    <Cell><Data ss:Type="String">BizTalk Application Users</Data></Cell>
    <Cell><Data ss:Type="String">BizTalk Application Users</Data></Cell>
    <Cell><Data ss:Type="String">BizTalk Application Users</Data></Cell>
   </Row>
   <Row>
    <Cell><Data ss:Type="String">SsoAppAdminGroup</Data></Cell>
    <Cell><Data ss:Type="String">BizTalk Server Administrators</Data></Cell>
    <Cell><Data ss:Type="String">BizTalk Server Administrators</Data></Cell>
    <Cell><Data ss:Type="String">BizTalk Server Administrators</Data></Cell>
    <Cell><Data ss:Type="String">BizTalk Server Administrators</Data></Cell>
    <Cell><Data ss:Type="String">BizTalk Server Administrators</Data></Cell>
    <Cell><Data ss:Type="String">BizTalk Server Administrators</Data></Cell>
   </Row>
   <Row>
    <Cell><Data ss:Type="String">Environment</Data></Cell>
    <Cell ss:Index="3"><Data ss:Type="String">DEV</Data></Cell>
    <Cell ss:StyleID="s72"><Data ss:Type="String">SDEV</Data></Cell>
    <Cell><Data ss:Type="String">TEST</Data></Cell>
    <Cell ss:StyleID="s72"><Data ss:Type="String">ACC</Data></Cell>
    <Cell><Data ss:Type="String">PROD</Data></Cell>
   </Row>
   <Row ss:Index="11">
    <Cell><Data ss:Type="String">BizTalk360_url</Data></Cell>
    <Cell><Data ss:Type="String">http://localhost/biztalk360</Data></Cell>
    <Cell ss:Index="6"><Data ss:Type="String">http://localhost/biztalk360</Data></Cell>
    <Cell><Data ss:Type="String">http://localhost/biztalk360</Data></Cell>
   </Row>
   <Row>
    <Cell><Data ss:Type="String">BizTalk360_environmentId</Data></Cell>
    <Cell><Data ss:Type="String">90534EF6-7C0D-4AD7-A942-43B75EDAA4EC</Data></Cell>
    <Cell ss:Index="6"><Data ss:Type="String">90534EF6-7C0D-4AD7-A942-43B75EDAA4EC</Data></Cell>
    <Cell><Data ss:Type="String">88cce665-14a8-4425-b058-d5be8b687d89</Data></Cell>
   </Row>
   <Row>
    <Cell><Data ss:Type="String">BizTalk360_user</Data></Cell>
    <Cell><Data ss:Type="String">BTS2013R2LAB01\Administrator</Data></Cell>
    <Cell ss:Index="6"><Data ss:Type="String">BTS2013R2LAB02\Administrator</Data></Cell>
    <Cell><Data ss:Type="String">BTS2013R2LAB02\Administrator</Data></Cell>
   </Row>
   <Row>
    <Cell><Data ss:Type="String">BizTalk360_userPassword</Data></Cell>
    <Cell><Data ss:Type="String">Pa$$w0rd</Data></Cell>
    <Cell ss:Index="6"><Data ss:Type="String">Pa$$w0rd</Data></Cell>
    <Cell><Data ss:Type="String">Pa$$w0rd</Data></Cell>
   </Row>
   <Row>
    <Cell><Data ss:Type="String">BizTalk360_alertName</Data></Cell>
    <Cell><Data ss:Type="String">AxonOlympus.BTDF</Data></Cell>
    <Cell ss:Index="6"><Data ss:Type="String">AxonOlympus.BTDF</Data></Cell>
    <Cell><Data ss:Type="String">AxonOlympus.BTDF</Data></Cell>
   </Row>
   <Row>
    <Cell><Data ss:Type="String">BizTalk360_commaSeparatedEmails</Data></Cell>
    <Cell ss:StyleID="s63" ss:HRef="mailto:l.hegt@axonolympus.nl"><Data
      ss:Type="String">l.hegt@axonolympus.nl</Data></Cell>
    <Cell ss:StyleID="s63"/>
    <Cell ss:Index="6" ss:StyleID="s63" ss:HRef="mailto:l.hegt@axonolympus.nl"><Data
      ss:Type="String">l.hegt@axonolympus.nl</Data></Cell>
    <Cell ss:StyleID="s63" ss:HRef="mailto:l.hegt@axonolympus.nl"><Data
      ss:Type="String">l.hegt@axonolympus.nl</Data></Cell>
   </Row>
   <Row>
    <Cell><Data ss:Type="String">BizTalk360_description</Data></Cell>
    <Cell><Data ss:Type="String">Alert for AxonOlympus.BTDF</Data></Cell>
    <Cell ss:Index="6"><Data ss:Type="String">Alert for AxonOlympus.BTDF</Data></Cell>
    <Cell><Data ss:Type="String">Alert for AxonOlympus.BTDF</Data></Cell>
   </Row>
   <Row>
    <Cell><Data ss:Type="String">BizTalk360_isAlertDisabled</Data></Cell>
    <Cell><Data ss:Type="Boolean">1</Data></Cell>
    <Cell ss:Index="6"><Data ss:Type="Boolean">1</Data></Cell>
    <Cell><Data ss:Type="Boolean">1</Data></Cell>
   </Row>
   <Row>
    <Cell><Data ss:Type="String">BizTalk360_isAlertASAP</Data></Cell>
    <Cell><Data ss:Type="Boolean">1</Data></Cell>
    <Cell ss:Index="6"><Data ss:Type="Boolean">1</Data></Cell>
    <Cell><Data ss:Type="Boolean">1</Data></Cell>
   </Row>
   <Row>
    <Cell><Data ss:Type="String">BizTalk360_alertASAPWaitDurationInMinutes</Data></Cell>
    <Cell><Data ss:Type="Number">15</Data></Cell>
    <Cell ss:Index="6"><Data ss:Type="Number">10</Data></Cell>
    <Cell><Data ss:Type="Number">10</Data></Cell>
   </Row>
   <Row>
    <Cell><Data ss:Type="String">BizTalk360_isContinuousErrorRestricted</Data></Cell>
    <Cell><Data ss:Type="Boolean">1</Data></Cell>
    <Cell ss:Index="6"><Data ss:Type="Boolean">1</Data></Cell>
    <Cell><Data ss:Type="Boolean">1</Data></Cell>
   </Row>
   <Row>
    <Cell><Data ss:Type="String">BizTalk360_continuousErrorMaxCount</Data></Cell>
    <Cell><Data ss:Type="Number">3</Data></Cell>
    <Cell ss:Index="6"><Data ss:Type="Number">2</Data></Cell>
    <Cell><Data ss:Type="Number">2</Data></Cell>
   </Row>
   <Row>
    <Cell><Data ss:Type="String">BizTalk360_isAlertOnCorrection</Data></Cell>
    <Cell><Data ss:Type="Boolean">1</Data></Cell>
    <Cell ss:Index="6"><Data ss:Type="Boolean">1</Data></Cell>
    <Cell><Data ss:Type="Boolean">1</Data></Cell>
   </Row>
   <Row>
    <Cell><Data ss:Type="String">BizTalk360_isThresholdRestricted</Data></Cell>
    <Cell><Data ss:Type="Boolean">0</Data></Cell>
    <Cell ss:Index="6"><Data ss:Type="Boolean">1</Data></Cell>
    <Cell><Data ss:Type="Boolean">1</Data></Cell>
   </Row>
   <Row>
    <Cell><Data ss:Type="String">BizTalk360_thresholdDaysOfWeek</Data></Cell>
    <Cell><Data ss:Type="String">Fri = true, Mon = false, Sat = false, Sun = false, Thu = false, Tue = false, Wed = false</Data></Cell>
    <Cell ss:Index="6"><Data ss:Type="String">Fri = True, Mon = True, Sat = False, Sun = False, Thu = True, Tue = True, Wed = True</Data></Cell>
    <Cell><Data ss:Type="String">Fri = True, Mon = True, Sat = False, Sun = False, Thu = True, Tue = True, Wed = True</Data></Cell>
   </Row>
   <Row>
    <Cell><Data ss:Type="String">BizTalk360_thresholdRestrictStartTime</Data></Cell>
    <Cell ss:StyleID="s75"><Data ss:Type="DateTime">1899-12-31T08:00:00.000</Data></Cell>
    <Cell ss:StyleID="s75"/>
    <Cell ss:Index="6" ss:StyleID="s75"><Data ss:Type="DateTime">1899-12-31T08:00:00.000</Data></Cell>
    <Cell ss:StyleID="s75"><Data ss:Type="DateTime">1899-12-31T08:00:00.000</Data></Cell>
   </Row>
   <Row>
    <Cell><Data ss:Type="String">BizTalk360_thresholdRestrictEndTime</Data></Cell>
    <Cell ss:StyleID="s75"><Data ss:Type="DateTime">1899-12-31T18:00:00.000</Data></Cell>
    <Cell ss:StyleID="s75"/>
    <Cell ss:Index="6" ss:StyleID="s75"><Data ss:Type="DateTime">1899-12-31T18:00:00.000</Data></Cell>
    <Cell ss:StyleID="s75"><Data ss:Type="DateTime">1899-12-31T18:00:00.000</Data></Cell>
   </Row>
   <Row>
    <Cell><Data ss:Type="String">BizTalk360_daysOfWeek</Data></Cell>
    <Cell><Data ss:Type="String">Fri = true, Mon = false, Sat = false, Sun = false, Thu = false, Tue = false, Wed = false</Data></Cell>
    <Cell ss:Index="6"><Data ss:Type="String">Fri = True, Mon = True, Sat = False, Sun = False, Thu = True, Tue = True, Wed = True</Data></Cell>
    <Cell><Data ss:Type="String">Fri = True, Mon = True, Sat = False, Sun = False, Thu = True, Tue = True, Wed = True</Data></Cell>
   </Row>
   <Row>
    <Cell><Data ss:Type="String">BizTalk360_timeOfDays</Data></Cell>
    <Cell><Data ss:Type="String">Eight = false, Eighteen = false, Eleven = false, Fifteen = false, Five = false, Four = false, Fourteen = false, Nine = false, Nineteen = false, One = false, Seven = false, Seventeen = false, Six = false, Sixteen = false, Ten = false, Thirteen = false, Three = false, Twelve = false, Twenty = false, TwentyOne = false, TwentyThree = false, TwentyTwo = false, Two = false, Zero = false</Data></Cell>
    <Cell ss:Index="6"><Data ss:Type="String">Eight = true, Eighteen = true, Eleven = false, Fifteen = false, Five = false, Four = false, Fourteen = false, Nine = false, Nineteen = false, One = false, Seven = false, Seventeen = false, Six = false, Sixteen = false, Ten = false, Thirteen = false, Three = false, Twelve = false, Twenty = false, TwentyOne = false, TwentyThree = false, TwentyTwo = false, Two = false, Zero = false</Data></Cell>
    <Cell><Data ss:Type="String">Eight = true, Eighteen = true, Eleven = false, Fifteen = false, Five = false, Four = false, Fourteen = false, Nine = false, Nineteen = false, One = false, Seven = false, Seventeen = false, Six = false, Sixteen = false, Ten = false, Thirteen = false, Three = false, Twelve = false, Twenty = false, TwentyOne = false, TwentyThree = false, TwentyTwo = false, Two = false, Zero = false</Data></Cell>
   </Row>
   <Row>
    <Cell><Data ss:Type="String">BizTalk360_isAlertProcessMonitoring</Data></Cell>
    <Cell><Data ss:Type="Boolean">0</Data></Cell>
    <Cell ss:Index="6"><Data ss:Type="Boolean">0</Data></Cell>
    <Cell><Data ss:Type="Boolean">0</Data></Cell>
   </Row>
   <Row>
    <Cell><Data ss:Type="String">BizTalk360_isAlertProcessMonitoringOnSuccess</Data></Cell>
    <Cell><Data ss:Type="Boolean">0</Data></Cell>
    <Cell ss:Index="6"><Data ss:Type="Boolean">0</Data></Cell>
    <Cell><Data ss:Type="Boolean">0</Data></Cell>
   </Row>
   <Row>
    <Cell><Data ss:Type="String">BizTalk360_commaSeparatedSMSNumbers</Data></Cell>
    <Cell ss:Index="6"><Data ss:Type="Number">31612345678</Data></Cell>
    <Cell><Data ss:Type="Number">31612345678</Data></Cell>
   </Row>
   <Row>
    <Cell><Data ss:Type="String">BizTalk360_isAlertHPOMEnabled</Data></Cell>
    <Cell><Data ss:Type="Boolean">0</Data></Cell>
    <Cell ss:Index="6"><Data ss:Type="Boolean">1</Data></Cell>
    <Cell><Data ss:Type="Boolean">1</Data></Cell>
   </Row>
   <Row>
    <Cell><Data ss:Type="String">BizTalk360_isAlertEventVwrEnabled</Data></Cell>
    <Cell><Data ss:Type="Boolean">0</Data></Cell>
    <Cell ss:Index="6"><Data ss:Type="Boolean">1</Data></Cell>
    <Cell><Data ss:Type="Boolean">1</Data></Cell>
   </Row>
   <Row>
    <Cell><Data ss:Type="String">BizTalk360_eventId</Data></Cell>
    <Cell ss:Index="6"><Data ss:Type="Number">2016</Data></Cell>
    <Cell><Data ss:Type="Number">2016</Data></Cell>
   </Row>
   <Row>
    <Cell><Data ss:Type="String">BizTalk360_isTestMode</Data></Cell>
    <Cell><Data ss:Type="Boolean">0</Data></Cell>
    <Cell ss:Index="6"><Data ss:Type="Boolean">0</Data></Cell>
    <Cell><Data ss:Type="Boolean">0</Data></Cell>
   </Row>
   <Row>
    <Cell><Data ss:Type="String">BizTalk360_daysValidation</Data></Cell>
    <Cell><Data ss:Type="String">days</Data></Cell>
    <Cell ss:Index="6"><Data ss:Type="String">days</Data></Cell>
    <Cell><Data ss:Type="String">days</Data></Cell>
   </Row>
   <Row>
    <Cell><Data ss:Type="String">BizTalk360_isAlertHealthMonitoring</Data></Cell>
    <Cell><Data ss:Type="Boolean">0</Data></Cell>
    <Cell ss:Index="6"><Data ss:Type="Boolean">1</Data></Cell>
    <Cell><Data ss:Type="Boolean">1</Data></Cell>
   </Row>
   <Row>
    <Cell><Data ss:Type="String">BizTalk360_expectedStateReceiveLocations</Data></Cell>
    <Cell><Data ss:Type="String">Enabled</Data></Cell>
    <Cell ss:Index="6"><Data ss:Type="String">Enabled</Data></Cell>
    <Cell><Data ss:Type="String">Enabled</Data></Cell>
   </Row>
   <Row>
    <Cell><Data ss:Type="String">BizTalk360_rl_exp_ReceiveLocation1</Data></Cell>
    <Cell><Data ss:Type="String">Disabled</Data></Cell>
    <Cell ss:Index="6"><Data ss:Type="String">Disabled</Data></Cell>
    <Cell><Data ss:Type="String">Disabled</Data></Cell>
   </Row>
   <Row>
    <Cell><Data ss:Type="String">BizTalk360_expectedStateSendPorts</Data></Cell>
    <Cell><Data ss:Type="String">Started</Data></Cell>
    <Cell ss:Index="6"><Data ss:Type="String">Started</Data></Cell>
    <Cell><Data ss:Type="String">Started</Data></Cell>
   </Row>
   <Row>
    <Cell><Data ss:Type="String">BizTalk360_exp_sp_SendPort1</Data></Cell>
    <Cell><Data ss:Type="String">Bound</Data></Cell>
   </Row>
   <Row>
    <Cell><Data ss:Type="String">BizTalk360_expectedStateOrchestrations</Data></Cell>
    <Cell><Data ss:Type="String">Started</Data></Cell>
    <Cell ss:Index="6"><Data ss:Type="String">Started</Data></Cell>
    <Cell><Data ss:Type="String">Started</Data></Cell>
   </Row>
   <Row>
    <Cell><Data ss:Type="String">BizTalk360_exp_orch_Orchestration1</Data></Cell>
    <Cell><Data ss:Type="String">Unenlisted</Data></Cell>
   </Row>
   <Row>
    <Cell><Data ss:Type="String">BizTalk360_monitorSuspendedResumable</Data></Cell>
    <Cell><Data ss:Type="Boolean">1</Data></Cell>
    <Cell ss:Index="6"><Data ss:Type="Boolean">1</Data></Cell>
    <Cell><Data ss:Type="Boolean">1</Data></Cell>
   </Row>
   <Row>
    <Cell><Data ss:Type="String">BizTalk360_suspendedResumableWarningLevel</Data></Cell>
    <Cell><Data ss:Type="Number">0</Data></Cell>
    <Cell ss:Index="6"><Data ss:Type="Number">0</Data></Cell>
    <Cell><Data ss:Type="Number">0</Data></Cell>
   </Row>
   <Row>
    <Cell><Data ss:Type="String">BizTalk360_suspendedResumableErrorLevel</Data></Cell>
    <Cell><Data ss:Type="Number">5</Data></Cell>
    <Cell ss:Index="6"><Data ss:Type="Number">5</Data></Cell>
    <Cell><Data ss:Type="Number">5</Data></Cell>
   </Row>
   <Row>
    <Cell><Data ss:Type="String">BizTalk360_monitorSuspendedNotResumable</Data></Cell>
    <Cell><Data ss:Type="Boolean">1</Data></Cell>
    <Cell ss:Index="6"><Data ss:Type="Boolean">1</Data></Cell>
    <Cell><Data ss:Type="Boolean">1</Data></Cell>
   </Row>
   <Row>
    <Cell><Data ss:Type="String">BizTalk360_suspendedNotResumableWarningLevel</Data></Cell>
    <Cell><Data ss:Type="Number">20</Data></Cell>
    <Cell ss:Index="6"><Data ss:Type="Number">20</Data></Cell>
    <Cell><Data ss:Type="Number">20</Data></Cell>
   </Row>
   <Row>
    <Cell><Data ss:Type="String">BizTalk360_suspendedNotResumableErrorLevel</Data></Cell>
    <Cell><Data ss:Type="Number">50</Data></Cell>
    <Cell ss:Index="6"><Data ss:Type="Number">50</Data></Cell>
    <Cell><Data ss:Type="Number">50</Data></Cell>
   </Row>
   <Row>
    <Cell><Data ss:Type="String">BizTalk360_monitorActiveInstances</Data></Cell>
    <Cell><Data ss:Type="Boolean">1</Data></Cell>
    <Cell ss:Index="6"><Data ss:Type="Boolean">0</Data></Cell>
    <Cell><Data ss:Type="Boolean">0</Data></Cell>
   </Row>
   <Row>
    <Cell><Data ss:Type="String">BizTalk360_activeInstancesWarningLevel</Data></Cell>
    <Cell><Data ss:Type="Number">50</Data></Cell>
    <Cell ss:Index="6"><Data ss:Type="Number">50</Data></Cell>
    <Cell><Data ss:Type="Number">50</Data></Cell>
   </Row>
   <Row>
    <Cell><Data ss:Type="String">BizTalk360_activeInstancesErrorLevel</Data></Cell>
    <Cell><Data ss:Type="Number">100</Data></Cell>
    <Cell ss:Index="6"><Data ss:Type="Number">100</Data></Cell>
    <Cell><Data ss:Type="Number">100</Data></Cell>
   </Row>
   <Row>
    <Cell><Data ss:Type="String">BizTalk360_monitorDehydratedInstances</Data></Cell>
    <Cell><Data ss:Type="Boolean">1</Data></Cell>
    <Cell ss:Index="6"><Data ss:Type="Boolean">0</Data></Cell>
    <Cell><Data ss:Type="Boolean">0</Data></Cell>
   </Row>
   <Row>
    <Cell><Data ss:Type="String">BizTalk360_dehydratedInstancesWarningLevel</Data></Cell>
    <Cell><Data ss:Type="Number">50</Data></Cell>
    <Cell ss:Index="6"><Data ss:Type="Number">50</Data></Cell>
    <Cell><Data ss:Type="Number">50</Data></Cell>
   </Row>
   <Row>
    <Cell><Data ss:Type="String">BizTalk360_dehydratedInstancesErrorLevel</Data></Cell>
    <Cell><Data ss:Type="Number">100</Data></Cell>
    <Cell ss:Index="6"><Data ss:Type="Number">100</Data></Cell>
    <Cell><Data ss:Type="Number">100</Data></Cell>
   </Row>
   <Row>
    <Cell><Data ss:Type="String">BizTalk360_monitorReadyToRunInstances</Data></Cell>
    <Cell><Data ss:Type="Boolean">1</Data></Cell>
    <Cell ss:Index="6"><Data ss:Type="Boolean">0</Data></Cell>
    <Cell><Data ss:Type="Boolean">0</Data></Cell>
   </Row>
   <Row>
    <Cell><Data ss:Type="String">BizTalk360_readyToRunInstancesWarningLevel</Data></Cell>
    <Cell><Data ss:Type="Number">50</Data></Cell>
    <Cell ss:Index="6"><Data ss:Type="Number">50</Data></Cell>
    <Cell><Data ss:Type="Number">50</Data></Cell>
   </Row>
   <Row>
    <Cell><Data ss:Type="String">BizTalk360_readyToRunInstancesErrorLevel</Data></Cell>
    <Cell><Data ss:Type="Number">100</Data></Cell>
    <Cell ss:Index="6"><Data ss:Type="Number">100</Data></Cell>
    <Cell><Data ss:Type="Number">100</Data></Cell>
   </Row>
   <Row>
    <Cell><Data ss:Type="String">BizTalk360_monitorScheduledInstances</Data></Cell>
    <Cell><Data ss:Type="Boolean">1</Data></Cell>
    <Cell ss:Index="6"><Data ss:Type="Boolean">0</Data></Cell>
    <Cell><Data ss:Type="Boolean">0</Data></Cell>
   </Row>
   <Row>
    <Cell><Data ss:Type="String">BizTalk360_scheduledInstancesWarningLevel</Data></Cell>
    <Cell><Data ss:Type="Number">50</Data></Cell>
    <Cell ss:Index="6"><Data ss:Type="Number">50</Data></Cell>
    <Cell><Data ss:Type="Number">50</Data></Cell>
   </Row>
   <Row>
    <Cell><Data ss:Type="String">BizTalk360_scheduledInstancesErrorLevel</Data></Cell>
    <Cell><Data ss:Type="Number">100</Data></Cell>
    <Cell ss:Index="6"><Data ss:Type="Number">100</Data></Cell>
    <Cell><Data ss:Type="Number">100</Data></Cell>
   </Row>
  </Table>
  <WorksheetOptions xmlns="urn:schemas-microsoft-com:office:excel">
   <PageSetup>
    <Layout x:Orientation="Landscape"/>
    <Header x:Margin="0.3"/>
    <Footer x:Margin="0.3"/>
    <PageMargins x:Bottom="0.25" x:Left="0.25" x:Right="0.25" x:Top="0.25"/>
   </PageSetup>
   <FitToPage/>
   <Print>
    <ValidPrinterInfo/>
    <Scale>81</Scale>
    <HorizontalResolution>600</HorizontalResolution>
    <VerticalResolution>600</VerticalResolution>
   </Print>
   <Selected/>
   <FreezePanes/>
   <FrozenNoSplit/>
   <SplitHorizontal>6</SplitHorizontal>
   <TopRowBottomPane>6</TopRowBottomPane>
   <ActivePane>2</ActivePane>
   <Panes>
    <Pane>
     <Number>3</Number>
    </Pane>
    <Pane>
     <Number>2</Number>
     <ActiveRow>18</ActiveRow>
    </Pane>
   </Panes>
   <ProtectObjects>False</ProtectObjects>
   <ProtectScenarios>False</ProtectScenarios>
  </WorksheetOptions>
 </Worksheet>
 <Worksheet ss:Name="Sheet2">
  <Table ss:ExpandedColumnCount="6" ss:ExpandedRowCount="15" x:FullColumns="1"
   x:FullRows="1">
   <Column ss:StyleID="s64" ss:AutoFitWidth="0" ss:Width="213.75"/>
   <Column ss:AutoFitWidth="0" ss:Width="161.25" ss:Span="4"/>
   <Row ss:AutoFitHeight="0" ss:Height="21">
    <Cell ss:StyleID="s68"/>
    <Cell ss:StyleID="s62"/>
    <Cell ss:StyleID="s62"/>
    <Cell ss:StyleID="s62"/>
    <Cell ss:StyleID="s62"/>
    <Cell ss:StyleID="s62"/>
   </Row>
   <Row>
    <Cell ss:StyleID="s62"/>
    <Cell ss:StyleID="s62"/>
    <Cell ss:StyleID="s62"/>
    <Cell ss:StyleID="s62"/>
    <Cell ss:StyleID="s62"/>
    <Cell ss:StyleID="s62"/>
   </Row>
   <Row>
    <Cell ss:StyleID="s62"/>
    <Cell ss:StyleID="s40"/>
    <Cell ss:StyleID="s40"/>
    <Cell ss:StyleID="s40"/>
    <Cell ss:StyleID="s40"/>
    <Cell ss:StyleID="s40"/>
   </Row>
   <Row>
    <Cell ss:StyleID="s62"/>
    <Cell ss:StyleID="s40"/>
    <Cell ss:StyleID="s40"/>
    <Cell ss:StyleID="s40"/>
    <Cell ss:StyleID="s40"/>
    <Cell ss:StyleID="s40"/>
   </Row>
   <Row>
    <Cell ss:StyleID="s62"/>
    <Cell ss:StyleID="s40"/>
    <Cell ss:StyleID="s40"/>
    <Cell ss:StyleID="s40"/>
    <Cell ss:StyleID="s40"/>
    <Cell ss:StyleID="s40"/>
   </Row>
   <Row>
    <Cell ss:StyleID="s62"/>
    <Cell ss:StyleID="s40"/>
    <Cell ss:StyleID="s40"/>
    <Cell ss:StyleID="s40"/>
    <Cell ss:StyleID="s40"/>
    <Cell ss:StyleID="s40"/>
   </Row>
   <Row ss:Index="10">
    <Cell ss:Index="2" ss:StyleID="s63"/>
   </Row>
   <Row ss:Index="15">
    <Cell ss:Index="2" ss:StyleID="s63"/>
    <Cell ss:StyleID="s63"/>
    <Cell ss:Index="5" ss:StyleID="s63"/>
   </Row>
  </Table>
  <WorksheetOptions xmlns="urn:schemas-microsoft-com:office:excel">
   <PageSetup>
    <Header x:Margin="0.3"/>
    <Footer x:Margin="0.3"/>
    <PageMargins x:Bottom="0.75" x:Left="0.7" x:Right="0.7" x:Top="0.75"/>
   </PageSetup>
   <Zoom>120</Zoom>
   <Panes>
    <Pane>
     <Number>3</Number>
     <ActiveRow>17</ActiveRow>
    </Pane>
   </Panes>
   <ProtectObjects>False</ProtectObjects>
   <ProtectScenarios>False</ProtectScenarios>
  </WorksheetOptions>
 </Worksheet>
</Workbook>
